[{"Sender":"Unit Tester","Message":"Did you get the cake?","Recipient":"+27838884567","MessageHash":"+2:1:DIDCAKE","MessageID":"1131514823"},{"Sender":"Unit Tester","Message":"Where are you? You are late! I have asked you to be on time.","Recipient":"+27838884567","MessageHash":"+2:2:WHERETIME","MessageID":"3707403623"},{"Sender":"Unit Tester","Message":"Ok, I am leaving without you.","Recipient":"+27838884567","MessageHash":"+2:3:OKYOU","MessageID":"7948138321"},{"Sender":"Unit Tester","Message":"It is dinner time!","Recipient":"+27838884567","MessageHash":"+2:4:ITTIME","MessageID":"5040002736"}]